X_lat,Y_lon,Z_depth
484340.9170966888,4407476.2997195665,-1.6538054388046515
484333.54839695705,4407500.2704856135,-1.6766032498619734
484326.17969722534,4407524.2412516605,-1.699401060919295
484318.81099749357,4407548.212017707,-1.7221988719766168
484311.4422977618,4407572.182783754,-1.7449966830339387
484387.1821933776,4407478.236439132,-2.8350950379508313
484380.8290439141,4407501.791721226,-2.8741769997633826
484374.47589445056,4407525.34700332,-2.9132589615759343
484368.1227449871,4407548.902285414,-2.952340923388486
484361.7695955236,4407572.457567507,-2.9914228852010374
484433.4472900664,4407480.173158699,-3.5438687974385386
484428.10969087115,4407503.31295684,-3.592721249704228
484422.7720916759,4407526.45275498,-3.641573701969918
484417.43449248065,4407549.592553121,-3.690426154235608
484412.0968932854,4407572.732351262,-3.7392786065012973
484479.71238675516,4407482.109878264,-3.7801267172677746
484475.3903378282,4407504.834192452,-3.83223599968451
484471.0682889012,4407527.55850664,-3.884345282101246
484466.74623997416,4407550.282820828,-3.9364545645179816
484462.4241910472,4407573.007135016,-3.988563846934717
484479.71238675516,4407482.109878264,-3.7801267172677746
484475.3903378282,4407504.834192452,-3.83223599968451
484471.0682889012,4407527.55850664,-3.884345282101246
484466.74623997416,4407550.282820828,-3.9364545645179816
484462.4241910472,4407573.007135016,-3.988563846934717
484525.977483444,4407484.046597831,-3.543868797438539
484522.67098478525,4407506.355428066,-3.5927212497042285
484519.36448612646,4407528.6642583,-3.641573701969918
484516.05798746774,4407550.973088535,-3.690426154235608
484512.751488809,4407573.28191877,-3.7392786065012973
484572.2425801328,4407485.983317397,-2.835095037950831
484569.9516317423,4407507.876663678,-2.8741769997633826
484567.6606833518,4407529.77000996,-2.9132589615759343
484565.36973496125,4407551.663356242,-2.9523409233884865
484563.07878657075,4407573.5567025235,-2.9914228852010383
484618.50767682155,4407487.920036963,-1.6538054388046513
484617.2322786993,4407509.3978992915,-1.6766032498619732
484615.956880577,4407530.875761621,-1.699401060919295
484614.6814824548,4407552.353623949,-1.722198871976617
484613.40608433256,4407573.831486277,-1.744996683033939
484664.77277351037,4407489.856756529,0.0
484664.5129256564,4407510.919134905,0.0
484664.25307780236,4407531.98151328,0.0
484663.99322994833,4407553.043891655,0.0
484663.73338209436,4407574.106270031,0.0
484311.4422977618,4407572.182783754,-1.7449966830339387
484313.0175962832,4407619.10469675,-1.7792654749064742
484314.59289480466,4407666.026609747,-1.8135342667790095
484316.16819332604,4407712.948522743,-1.8478030586515448
484317.7434918475,4407759.870435739,-1.8820718505240803
484361.7695955236,4407572.457567507,-2.9914228852010374
484361.66944256646,4407619.0966435,-3.0501693855539553
484361.5692896093,4407665.735719493,-3.1089158859068733
484361.46913665213,4407712.374795484,-3.1676623862597912
484361.368983695,4407759.013871477,-3.226408886612709
484412.0968932854,4407572.732351262,-3.7392786065012973
484410.3212888497,4407619.08859025,-3.8127117319424446
484408.5456844139,4407665.444829239,-3.8861448573835915
484406.77007997816,4407711.801068228,-3.959577982824739
484404.99447554245,4407758.157307216,-4.033011108265886
484462.4241910472,4407573.007135016,-3.988563846934717
484458.9731351329,4407619.080537001,-4.066892514071941
484455.5220792186,4407665.153938985,-4.145221181209164
484452.07102330425,4407711.22734097,-4.223549848346389
484448.61996738997,4407757.300742955,-4.3018785154836126
484462.4241910472,4407573.007135016,-3.988563846934717
484458.9731351329,4407619.080537001,-4.066892514071941
484455.5220792186,4407665.153938985,-4.145221181209164
484452.07102330425,4407711.22734097,-4.223549848346389
484448.61996738997,4407757.300742955,-4.3018785154836126
484512.751488809,4407573.28191877,-3.7392786065012973
484507.62498141616,4407619.072483751,-3.8127117319424446
484502.49847402325,4407664.863048732,-3.8861448573835915
484497.37196663034,4407710.653613713,-3.959577982824739
484492.2454592375,4407756.444178694,-4.033011108265886
484563.07878657075,4407573.5567025235,-2.9914228852010383
484556.27682769933,4407619.0644305,-3.050169385553956
484549.47486882785,4407664.572158478,-3.1089158859068733
484542.6729099564,4407710.079886455,-3.167662386259791
484535.870951085,4407755.587614432,-3.2264088866127083
484613.40608433256,4407573.831486277,-1.744996683033939
484604.9286739825,4407619.056377251,-1.7792654749064742
484596.4512636325,4407664.281268224,-1.8135342667790093
484587.9738532825,4407709.506159198,-1.8478030586515446
484579.49644293246,4407754.731050171,-1.8820718505240799
484663.73338209436,4407574.106270031,0.0
484653.58052026574,4407619.048324001,0.0
484643.42765843717,4407663.99037797,0.0
484633.2747966086,4407708.93243194,0.0
484623.12193478,4407753.87448591,0.0
484317.7434918475,4407759.870435739,-1.8820718505240803
484317.7495531859,4407772.082827642,-1.9155057724688909
484317.75561452436,4407784.295219544,-1.9489396944137014
484317.76167586277,4407796.507611446,-1.982373616358512
484317.7677372012,4407808.720003349,-2.0158075383033225
484361.368983695,4407759.013871477,-3.226408886612709
484361.00460637186,4407771.688405283,-3.2837241813752414
484360.6402290487,4407784.362939088,-3.341039476137774
484360.2758517255,4407797.037472893,-3.398354770900306
484359.91147440235,4407809.712006698,-3.4556700656628383
484404.99447554245,4407758.157307216,-4.033011108265886
484404.2596595577,4407771.293982924,-4.104655226719052
484403.524843573,4407784.430658631,-4.176299345172216
484402.79002758826,4407797.567334339,-4.247943463625382
484402.0552116035,4407810.704010047,-4.319587582078547
484448.61996738997,4407757.300742955,-4.3018785154836126
484447.51471274364,4407770.899560565,-4.378298908500322
484446.4094580973,4407784.498378175,-4.454719301517032
484445.304203451,4407798.0971957855,-4.531139694533741
484444.1989488047,4407811.696013396,-4.607560087550451
484448.61996738997,4407757.300742955,-4.3018785154836126
484447.51471274364,4407770.899560565,-4.378298908500322
484446.4094580973,4407784.498378175,-4.454719301517032
484445.304203451,4407798.0971957855,-4.531139694533741
484444.1989488047,4407811.696013396,-4.607560087550451
484492.2454592375,4407756.444178694,-4.033011108265886
484490.76976592955,4407770.505138206,-4.104655226719052
484489.2940726217,4407784.56609772,-4.176299345172216
484487.8183793138,4407798.627057232,-4.247943463625382
484486.34268600587,4407812.688016744,-4.319587582078547
484535.870951085,4407755.587614432,-3.2264088866127083
484534.0248191155,4407770.110715847,-3.283724181375241
484532.17868714605,4407784.633817263,-3.3410394761377735
484530.3325551765,4407799.156918678,-3.398354770900306
484528.48642320704,4407813.680020094,-3.4556700656628387
484579.49644293246,4407754.731050171,-1.8820718505240799
484577.2798723014,4407769.716293489,-1.9155057724688902
484575.0633016703,4407784.701536806,-1.9489396944137007
484572.84673103923,4407799.686780125,-1.9823736163585113
484570.63016040815,4407814.672023443,-2.0158075383033216
484623.12193478,4407753.87448591,0.0
484620.5349254873,4407769.32187113,0.0
484617.9479161947,4407784.769256351,0.0
484615.360906902,4407800.216641571,0.0
484612.7738976093,4407815.664026791,0.0
484317.7677372012,4407808.720003349,-2.0158075383033225
484339.0085285208,4407893.626976956,-1.9995301137130936
484360.2493198404,4407978.533950562,-1.9832526891228648
484381.49011116,4408063.440924168,-1.9669752645326362
484402.7309024796,4408148.347897775,-1.9506978399424073
484359.91147440235,4407809.712006698,-3.4556700656628383
484379.2628070416,4407887.059953911,-3.427765909222446
484398.61413968075,4407964.407901123,-3.399861752782054
484417.96547232,4408041.755848336,-3.3719575963416615
484437.3168049592,4408119.103795549,-3.3440534399012694
484402.0552116035,4407810.704010047,-4.319587582078547
484419.51708556234,4407880.492930866,-4.284707386528057
484436.97895952116,4407950.281851685,-4.249827190977567
484454.44083348,4408020.0707725035,-4.214946995427077
484471.9027074388,4408089.859693322,-4.180066799876586
484444.1989488047,4407811.696013396,-4.607560087550451
484459.7713640831,4407873.92590782,-4.570354545629928
484475.3437793616,4407936.155802246,-4.533149003709405
484490.91619464,4407998.385696672,-4.495943461788882
484506.4886099184,4408060.615591097,-4.458737919868359
484444.1989488047,4407811.696013396,-4.607560087550451
484459.7713640831,4407873.92590782,-4.570354545629928
484475.3437793616,4407936.155802246,-4.533149003709405
484490.91619464,4407998.385696672,-4.495943461788882
484506.4886099184,4408060.615591097,-4.458737919868359
484486.34268600587,4407812.688016744,-4.319587582078547
484500.02564260387,4407867.358884776,-4.284707386528058
484513.7085992019,4407922.029752808,-4.249827190977568
484527.3915558,4407976.700620839,-4.214946995427077
484541.074512398,4408031.371488871,-4.180066799876587
484528.48642320704,4407813.680020094,-3.4556700656628387
484540.2799211247,4407860.791861732,-3.4277659092224466
484552.0734190423,4407907.903703369,-3.399861752782054
484563.86691695993,4407955.015545008,-3.3719575963416615
484575.6604148776,4408002.127386645,-3.3440534399012694
484570.63016040815,4407814.672023443,-2.0158075383033216
484580.5341996454,4407854.224838687,-1.9995301137130927
484590.4382388827,4407893.777653931,-1.983252689122864
484600.34227811993,4407933.330469175,-1.966975264532635
484610.2463173572,4407972.88328442,-1.9506978399424062
484612.7738976093,4407815.664026791,0.0
484620.7884781662,4407847.657815642,0.0
484628.80305872305,4407879.651604492,0.0
484636.8176392799,4407911.645393343,0.0
484644.83221983677,4407943.639182193,0.0
484402.7309024796,4408148.347897775,-1.9506978399424073
484440.2547462939,4408176.000000726,-1.995105283454561
484477.77859010815,4408203.652103679,-2.0395127269667146
484515.30243392236,4408231.304206631,-2.0839201704788684
484552.82627773663,4408258.956309583,-2.128327613991022
484437.3168049592,4408119.103795549,-3.3440534399012694
484470.37974258774,4408145.6970014535,-3.4201804859221046
484503.4426802163,4408172.290207357,-3.4963075319429398
484536.5056178448,4408198.883413261,-3.572434577963775
484569.56855547335,4408225.476619165,-3.64856162398461
484471.9027074388,4408089.859693322,-4.180066799876586
484500.5047388816,4408115.394002179,-4.27522560740263
484529.1067703244,4408140.928311035,-4.370384414928674
484557.7088017672,4408166.46261989,-4.465543222454719
484586.31083321,4408191.996928747,-4.560702029980763
484506.4886099184,4408060.615591097,-4.458737919868359
484530.62973517546,4408085.091002905,-4.56024064789614
484554.77086043253,4408109.566414713,-4.661743375923919
484578.9119856896,4408134.041826521,-4.763246103951699
484603.05311094667,4408158.517238329,-4.86474883197948
484506.4886099184,4408060.615591097,-4.458737919868359
484530.62973517546,4408085.091002905,-4.56024064789614
484554.77086043253,4408109.566414713,-4.661743375923919
484578.9119856896,4408134.041826521,-4.763246103951699
484603.05311094667,4408158.517238329,-4.86474883197948
484541.074512398,4408031.371488871,-4.180066799876587
484560.7547314693,4408054.788003631,-4.275225607402631
484580.43495054066,4408078.204518391,-4.370384414928675
484600.11516961205,4408101.621033152,-4.465543222454719
484619.7953886834,4408125.0375479115,-4.560702029980763
484575.6604148776,4408002.127386645,-3.3440534399012694
484590.8797277632,4408024.485004358,-3.4201804859221046
484606.0990406488,4408046.84262207,-3.4963075319429393
484621.31835353444,4408069.200239781,-3.572434577963774
484636.53766642004,4408091.557857494,-3.6485616239846093
484610.2463173572,4407972.88328442,-1.9506978399424062
484621.00472405704,4407994.182005084,-1.99510528345456
484631.7631307569,4408015.480725748,-2.0395127269667137
484642.52153745684,4408036.779446412,-2.083920170478867
484653.2799441567,4408058.078167076,-2.1283276139910208
484644.83221983677,4407943.639182193,0.0
484651.1297203509,4407963.879005809,0.0
484657.42722086504,4407984.118829425,0.0
484663.7247213792,4408004.3586530415,0.0
484670.02222189336,4408024.598476658,0.0
484552.82627773663,4408258.956309583,-2.128327613991022
484574.8932679811,4408260.710948387,-2.151236920187791
484596.9602582257,4408262.465587191,-2.17414622638456
484619.02724847017,4408264.2202259945,-2.197055532581329
484641.09423871466,4408265.974864799,-2.2199648387780977
484569.56855547335,4408225.476619165,-3.64856162398461
484590.68353596237,4408229.530646773,-3.687834720321928
484611.7985164514,4408233.584674382,-3.727107816659246
484632.91349694034,4408237.63870199,-3.7663809129965644
484654.02847742935,4408241.692729598,-3.805654009333882
484586.31083321,4408191.996928747,-4.560702029980763
484606.4738039435,4408198.350345159,-4.609793400402411
484626.636774677,4408204.703761572,-4.6588847708240575
484646.79974541056,4408211.057177984,-4.707976141245705
484666.96271614404,4408217.410594396,-4.757067511667353
484603.05311094667,4408158.517238329,-4.86474883197948
484622.26407192467,4408167.170043546,-4.917112960429237
484641.4750329027,4408175.822848761,-4.969477088878994
484660.68599388073,4408184.475653978,-5.0218412173287525
484679.89695485873,4408193.128459195,-5.07420534577851
484603.05311094667,4408158.517238329,-4.86474883197948
484622.26407192467,4408167.170043546,-4.917112960429237
484641.4750329027,4408175.822848761,-4.969477088878994
484660.68599388073,4408184.475653978,-5.0218412173287525
484679.89695485873,4408193.128459195,-5.07420534577851
484619.7953886834,4408125.0375479115,-4.560702029980763
484638.0543399059,4408135.989741933,-4.60979340040241
484656.3132911284,4408146.941935953,-4.6588847708240575
484674.5722423509,4408157.894129973,-4.707976141245705
484692.8311935734,4408168.846323994,-4.757067511667352
484636.53766642004,4408091.557857494,-3.6485616239846093
484653.8446078871,4408104.8094403185,-3.6878347203219275
484671.1515493541,4408118.061023143,-3.7271078166592453
484688.4584908211,4408131.312605968,-3.7663809129965635
484705.7654322882,4408144.564188792,-3.8056540093338818
484653.2799441567,4408058.078167076,-2.1283276139910208
484669.6348758682,4408073.629138704,-2.1512369201877903
484685.9898075798,4408089.1801103335,-2.17414622638456
484702.34473929135,4408104.731081963,-2.1970555325813295
484718.69967100286,4408120.282053591,-2.219964838778099
484670.02222189336,4408024.598476658,0.0
484685.4251438494,4408042.44883709,0.0
484700.8280658055,4408060.299197524,0.0
484716.2309877615,4408078.149557957,0.0
484731.63390971755,4408095.99991839,0.0
484641.09423871466,4408265.974864799,-2.2199648387780977
484668.3745133291,4408275.435588531,-2.2339856143407433
484695.6547879436,4408284.896312264,-2.248006389903389
484722.935062558,4408294.357035996,-2.2620271654660344
484750.21533717244,4408303.817759729,-2.27604794102868
484654.02847742935,4408241.692729598,-3.805654009333882
484679.33152665826,4408250.387177063,-3.8296896245841316
484704.6345758871,4408259.081624528,-3.8537252398343815
484729.93762511597,4408267.776071993,-3.877760855084631
484755.2406743449,4408276.470519458,-3.9017964703348804
484666.96271614404,4408217.410594396,-4.757067511667353
484690.28853998735,4408225.338765594,-4.787112030730165
484713.61436383065,4408233.266936792,-4.817156549792976
484736.94018767396,4408241.19510799,-4.847201068855789
484760.26601151726,4408249.123279188,-4.8772455879186
484679.89695485873,4408193.128459195,-5.07420534577851
484701.2455533165,4408200.290354125,-5.106252832778843
484722.5941517742,4408207.452249056,-5.138300319779175
484743.94275023194,4408214.614143986,-5.170347806779508
484765.2913486897,4408221.776038917,-5.202395293779841
484679.89695485873,4408193.128459195,-5.07420534577851
484701.2455533165,4408200.290354125,-5.106252832778843
484722.5941517742,4408207.452249056,-5.138300319779175
484743.94275023194,4408214.614143986,-5.170347806779508
484765.2913486897,4408221.776038917,-5.202395293779841
484692.8311935734,4408168.846323994,-4.757067511667352
484712.2025666456,4408175.241942657,-4.787112030730165
484731.5739397178,4408181.637561319,-4.817156549792976
484750.94531279,4408188.033179983,-4.847201068855789
484770.31668586214,4408194.428798646,-4.877245587918601
484705.7654322882,4408144.564188792,-3.8056540093338818
484723.1595799748,4408150.193531188,-3.829689624584131
484740.5537276614,4408155.822873583,-3.853725239834381
484757.947875348,4408161.452215979,-3.877760855084631
484775.3420230346,4408167.081558375,-3.9017964703348804
484718.69967100286,4408120.282053591,-2.219964838778099
484734.1165933039,4408125.145119719,-2.233985614340744
484749.5335156049,4408130.008185848,-2.2480063899033897
484764.95043790597,4408134.871251976,-2.2620271654660353
484780.367360207,4408139.734318105,-2.2760479410286805
484731.63390971755,4408095.99991839,0.0
484745.073606633,4408100.096708251,0.0
484758.51330354845,4408104.193498112,0.0
484771.95300046395,4408108.290287972,0.0
484785.3926973794,4408112.3870778335,0.0
484750.21533717244,4408303.817759729,-2.27604794102868
484771.1166998152,4408322.36697713,-2.4101557007464476
484792.01806245797,4408340.916194532,-2.544263460464215
484812.9194251007,4408359.465411933,-2.6783712201819823
484833.8207877435,4408378.014629334,-2.81247897989975
484755.2406743449,4408276.470519458,-3.9017964703348804
484775.9081496304,4408292.359704261,-4.13169548699391
484796.5756249159,4408308.2488890635,-4.36159450365294
484817.24310020136,4408324.138073866,-4.591493520311969
484837.9105754869,4408340.027258669,-4.821392536970999
484760.26601151726,4408249.123279188,-4.8772455879186
484780.69959944556,4408262.352431391,-5.164619358742387
484801.1331873738,4408275.581583595,-5.4519931295661745
484821.56677530205,4408288.810735799,-5.739366900389961
484842.00036323036,4408302.039888003,-6.026740671213748
484765.2913486897,4408221.776038917,-5.202395293779841
484785.4910492607,4408232.345158522,-5.50892731599188
484805.69074983173,4408242.914278127,-5.81545933820392
484825.8904504028,4408253.4833977325,-6.12199136041596
484846.0901509738,4408264.052517338,-6.428523382627999
484765.2913486897,4408221.776038917,-5.202395293779841
484785.4910492607,4408232.345158522,-5.50892731599188
484805.69074983173,4408242.914278127,-5.81545933820392
484825.8904504028,4408253.4833977325,-6.12199136041596
484846.0901509738,4408264.052517338,-6.428523382627999
484770.31668586214,4408194.428798646,-4.877245587918601
484790.2824990759,4408202.337885652,-5.164619358742388
484810.2483122897,4408210.246972659,-5.4519931295661745
484830.2141255035,4408218.156059666,-5.739366900389962
484850.1799387173,4408226.065146672,-6.026740671213749
484775.3420230346,4408167.081558375,-3.9017964703348804
484795.07394889113,4408172.330612782,-4.131695486993911
484814.80587474763,4408177.57966719,-4.36159450365294
484834.5378006041,4408182.828721598,-4.591493520311969
484854.2697264607,4408188.0777760055,-4.821392536971
484780.367360207,4408139.734318105,-2.2760479410286805
484799.8653987063,4408142.323339913,-2.410155700746447
484819.36343720555,4408144.912361722,-2.5442634604642143
484838.8614757049,4408147.501383532,-2.6783712201819814
484858.35951420414,4408150.09040534,-2.812478979899748
484785.3926973794,4408112.3870778335,0.0
484804.65684852144,4408112.316067044,0.0
484823.92099966353,4408112.245056254,0.0
484843.18515080557,4408112.174045464,0.0
484862.4493019476,4408112.103034674,0.0
484833.8207877435,4408378.014629334,-2.81247897989975
484865.9077037731,4408381.904811099,-2.6921417893241206
484897.9946198027,4408385.794992864,-2.571804598748491
484930.08153583226,4408389.685174628,-2.451467408172862
484962.1684518619,4408393.575356393,-2.3311302175972326
484837.9105754869,4408340.027258669,-4.821392536970999
484870.2031575461,4408343.219872198,-4.615100210269921
484902.49573960534,4408346.412485728,-4.408807883568842
484934.78832166456,4408349.605099257,-4.202515556867763
484967.0809037238,4408352.797712786,-3.9962232301666845
484842.00036323036,4408302.039888003,-6.026740671213748
484874.49861131917,4408304.534933297,-5.768875262837399
484906.996859408,4408307.02997859,-5.511009854461052
484939.49510749686,4408309.525023884,-5.253144446084704
484971.99335558567,4408312.020069178,-4.995279037708356
484846.0901509738,4408264.052517338,-6.428523382627999
484878.7940650922,4408265.849994396,-6.15346694702656
484911.4979792107,4408267.647471454,-5.878410511425122
484944.20189332915,4408269.444948513,-5.603354075823685
484976.90580744756,4408271.242425571,-5.328297640222246
484846.0901509738,4408264.052517338,-6.428523382627999
484878.7940650922,4408265.849994396,-6.15346694702656
484911.4979792107,4408267.647471454,-5.878410511425122
484944.20189332915,4408269.444948513,-5.603354075823685
484976.90580744756,4408271.242425571,-5.328297640222246
484850.1799387173,4408226.065146672,-6.026740671213749
484883.08951886534,4408227.165055495,-5.7688752628374
484915.9990990134,4408228.264964318,-5.511009854461053
484948.9086791614,4408229.364873141,-5.253144446084704
484981.81825930945,4408230.464781964,-4.995279037708356
484854.2697264607,4408188.0777760055,-4.821392536971
484887.38497263833,4408188.480116594,-4.615100210269921
484920.500218816,4408188.882457182,-4.4088078835688425
484953.6154649937,4408189.284797769,-4.2025155568677635
484986.73071117135,4408189.687138357,-3.996223230166685
484858.35951420414,4408150.09040534,-2.812478979899748
484891.68042641145,4408149.795177693,-2.6921417893241193
484925.0013386187,4408149.499950045,-2.57180459874849
484958.32225082594,4408149.204722397,-2.4514674081728614
484991.64316303324,4408148.909494749,-2.3311302175972326
484862.4493019476,4408112.103034674,0.0
484895.9758801845,4408111.110238791,0.0
484929.5024584214,4408110.117442908,0.0
484963.02903665823,4408109.124647025,0.0
484996.55561489513,4408108.131851142,0.0
484962.1684518619,4408393.575356393,-2.3311302175972326
484984.99172477575,4408398.6720461445,-2.3484617081827244
485007.8149976897,4408403.768735895,-2.365793198768216
485030.6382706036,4408408.865425646,-2.3831246893537084
485053.4615435175,4408413.962115398,-2.4004561799392
484967.0809037238,4408352.797712786,-3.9962232301666845
484989.4579495516,4408358.012592289,-4.025934356884671
485011.8349953794,4408363.227471791,-4.055645483602657
485034.2120412072,4408368.442351293,-4.085356610320643
485056.589087035,4408373.657230795,-4.115067737038629
484971.99335558567,4408312.020069178,-4.995279037708356
484993.9241743274,4408317.353138432,-5.032417946105839
485015.8549930691,4408322.686207686,-5.069556854503322
485037.78581181075,4408328.019276939,-5.106695762900804
485059.7166305525,4408333.352346193,-5.143834671298287
484976.90580744756,4408271.242425571,-5.328297640222246
484998.39039910317,4408276.693684576,-5.367912475846228
485019.8749907588,4408282.144943581,-5.40752731147021
485041.3595824144,4408287.596202586,-5.4471421470941905
485062.84417407,4408293.047461591,-5.486756982718172
484976.90580744756,4408271.242425571,-5.328297640222246
484998.39039910317,4408276.693684576,-5.367912475846228
485019.8749907588,4408282.144943581,-5.40752731147021
485041.3595824144,4408287.596202586,-5.4471421470941905
485062.84417407,4408293.047461591,-5.486756982718172
484981.81825930945,4408230.464781964,-4.995279037708356
485002.85662387894,4408236.03423072,-5.032417946105838
485023.8949884485,4408241.603679476,-5.069556854503321
485044.933353018,4408247.173128232,-5.106695762900804
485065.9717175875,4408252.742576988,-5.143834671298286
484986.73071117135,4408189.687138357,-3.996223230166685
485007.32284865476,4408195.374776864,-4.025934356884671
485027.9149861382,4408201.062415372,-4.055645483602657
485048.5071236216,4408206.750053879,-4.085356610320643
485069.099261105,4408212.437692386,-4.115067737038629
484991.64316303324,4408148.909494749,-2.3311302175972326
485011.7890734306,4408154.715323008,-2.348461708182725
485031.9349838279,4408160.521151267,-2.365793198768217
485052.08089422516,4408166.326979525,-2.383124689353709
485072.2268046225,4408172.132807784,-2.400456179939201
484996.55561489513,4408108.131851142,0.0
485016.25529820635,4408114.055869152,0.0
485035.95498151757,4408119.979887161,0.0
485055.6546648288,4408125.903905172,0.0
485075.35434814,4408131.8279231815,0.0
485053.4615435175,4408413.962115398,-2.4004561799392
485096.51217974245,4408408.743159644,-2.439374471210725
485139.5628159675,4408403.52420389,-2.47829276248225
485182.6134521925,4408398.305248136,-2.517211053753775
485225.6640884175,4408393.086292382,-2.5561293450252998
485056.589087035,4408373.657230795,-4.115067737038629
485097.000109485,4408369.951569287,-4.181784807789814
485137.411131935,4408366.24590778,-4.248501878541
485177.82215438504,4408362.5402462715,-4.315218949292186
485218.23317683506,4408358.834584763,-4.381936020043371
485059.7166305525,4408333.352346193,-5.143834671298287
485097.4880392275,4408331.159978931,-5.2272310097372685
485135.25944790256,4408328.967611669,-5.310627348176251
485173.03085657756,4408326.775244407,-5.394023686615233
485210.80226525257,4408324.582877145,-5.477420025054214
485062.84417407,4408293.047461591,-5.486756982718172
485097.97596897,4408292.368388575,-5.575713077053086
485133.10776387004,4408291.689315559,-5.664669171388001
485168.2395587701,4408291.010242543,-5.753625265722914
485203.3713536701,4408290.331169527,-5.842581360057828
485062.84417407,4408293.047461591,-5.486756982718172
485097.97596897,4408292.368388575,-5.575713077053086
485133.10776387004,4408291.689315559,-5.664669171388001
485168.2395587701,4408291.010242543,-5.753625265722914
485203.3713536701,4408290.331169527,-5.842581360057828
485065.9717175875,4408252.742576988,-5.143834671298286
485098.46389871254,4408253.576798218,-5.2272310097372685
485130.9560798375,4408254.411019448,-5.310627348176251
485163.44826096256,4408255.245240678,-5.394023686615232
485195.9404420876,4408256.079461908,-5.477420025054214
485069.099261105,4408212.437692386,-4.115067737038629
485098.951828455,4408214.785207862,-4.181784807789815
485128.8043958051,4408217.132723338,-4.248501878541001
485158.65696315514,4408219.480238814,-4.315218949292186
485188.50953050517,4408221.82775429,-4.381936020043372
485072.2268046225,4408172.132807784,-2.400456179939201
485099.4397581975,4408175.993617506,-2.439374471210726
485126.6527117726,4408179.854427228,-2.478292762482251
485153.86566534766,4408183.71523695,-2.5172110537537757
485181.0786189227,4408187.576046672,-2.5561293450253006
485075.35434814,4408131.8279231815,0.0
485099.9276879401,4408137.2020271495,0.0
485124.5010277401,4408142.576131117,0.0
485149.07436754013,4408147.950235085,0.0
485173.6477073402,4408153.324339053,0.0
485225.6640884175,4408393.086292382,-2.5561293450252998
485255.0845601764,4408380.476776708,-2.6074440295701784
485284.5050319354,4408367.8672610335,-2.6587587141150566
485313.92550369434,4408355.257745359,-2.710073398659935
485343.34597545327,4408342.648229685,-2.7613880832048134
485218.23317683506,4408358.834584763,-4.381936020043371
485247.30787035293,4408346.565553415,-4.469904050691734
485276.3825638708,4408334.296522066,-4.557872081340097
485305.4572573887,4408322.027490717,-4.645840111988459
485334.53195090656,4408309.758459369,-4.733808142636822
485210.80226525257,4408324.582877145,-5.477420025054214
485239.5311805294,4408312.654330122,-5.587380063364668
485268.2600958062,4408300.725783099,-5.697340101675121
485296.9890110831,4408288.797236077,-5.807300139985575
485325.7179263599,4408276.868689054,-5.917260178296028
485203.3713536701,4408290.331169527,-5.842581360057828
485231.75449070585,4408278.74310683,-5.959872067588979
485260.1376277417,4408267.155044133,-6.077162775120129
485288.52076477744,4408255.566981436,-6.19445348265128
485316.9039018132,4408243.978918739,-6.311744190182431
485203.3713536701,4408290.331169527,-5.842581360057828
485231.75449070585,4408278.74310683,-5.959872067588979
485260.1376277417,4408267.155044133,-6.077162775120129
485288.52076477744,4408255.566981436,-6.19445348265128
485316.9039018132,4408243.978918739,-6.311744190182431
485195.9404420876,4408256.079461908,-5.477420025054214
485223.9778008823,4408244.831883537,-5.587380063364668
485252.015159677,4408233.584305165,-5.697340101675121
485280.0525184718,4408222.336726795,-5.807300139985575
485308.0898772665,4408211.089148424,-5.917260178296028
485188.50953050517,4408221.82775429,-4.381936020043372
485216.2011110588,4408210.920660244,-4.469904050691735
485243.8926916125,4408200.013566199,-4.557872081340097
485271.58427216613,4408189.106472153,-4.64584011198846
485299.2758527198,4408178.199378108,-4.733808142636823
485181.0786189227,4408187.576046672,-2.5561293450253006
485208.4244212353,4408177.009436952,-2.607444029570179
485235.77022354794,4408166.442827232,-2.6587587141150575
485263.11602586054,4408155.876217512,-2.7100733986599357
485290.46182817314,4408145.309607793,-2.761388083204814
485173.6477073402,4408153.324339053,0.0
485200.64773141174,4408143.098213659,0.0
485227.6477554833,4408132.872088265,0.0
485254.6477795549,4408122.645962872,0.0
485281.64780362643,4408112.419837478,0.0
485343.34597545327,4408342.648229685,-2.7613880832048134
485359.29898837325,4408336.738415402,-2.737793163038864
485375.2520012933,4408330.82860112,-2.7141982428729143
485391.20501421334,4408324.918786839,-2.6906033227069646
485407.1580271333,4408319.008972556,-2.6670084025410152
485334.53195090656,4408309.758459369,-4.733808142636822
485351.1422267466,4408302.245080804,-4.693359708066623
485367.7525025866,4408294.73170224,-4.652911273496425
485384.3627784266,4408287.218323677,-4.612462838926226
485400.97305426665,4408279.704945113,-4.572014404356027
485325.7179263599,4408276.868689054,-5.917260178296028
485342.98546511994,4408267.7517462075,-5.86669963508328
485360.2530038799,4408258.634803362,-5.8161390918705305
485377.52054263995,4408249.517860516,-5.765578548657782
485394.7880814,4408240.40091767,-5.7150180054450335
485316.9039018132,4408243.978918739,-6.311744190182431
485334.82870349323,4408233.2584116105,-6.2578129440888315
485352.75350517326,4408222.537904482,-6.203881697995233
485370.6783068533,4408211.817397354,-6.149950451901635
485388.6031085333,4408201.096890226,-6.096019205808036
485316.9039018132,4408243.978918739,-6.311744190182431
485334.82870349323,4408233.2584116105,-6.2578129440888315
485352.75350517326,4408222.537904482,-6.203881697995233
485370.6783068533,4408211.817397354,-6.149950451901635
485388.6031085333,4408201.096890226,-6.096019205808036
485308.0898772665,4408211.089148424,-5.917260178296028
485326.6719418665,4408198.7650770135,-5.86669963508328
485345.2540064666,4408186.4410056025,-5.8161390918705305
485363.8360710666,4408174.116934192,-5.765578548657782
485382.41813566664,4408161.792862782,-5.7150180054450335
485299.2758527198,4408178.199378108,-4.733808142636823
485318.5151802398,4408164.271742416,-4.693359708066624
485337.7545077599,4408150.344106723,-4.652911273496425
485356.99383527995,4408136.416471031,-4.612462838926226
485376.23316279997,4408122.4888353385,-4.572014404356027
485290.46182817314,4408145.309607793,-2.761388083204814
485310.3584186132,4408129.778407818,-2.737793163038865
485330.2550090532,4408114.247207844,-2.7141982428729157
485350.1515994932,4408098.71600787,-2.6906033227069663
485370.0481899333,4408083.184807895,-2.6670084025410175
485281.64780362643,4408112.419837478,0.0
485302.2016569865,4408095.285073221,0.0
485322.7555103465,4408078.150308965,0.0
485343.30936370656,4408061.015544708,0.0
485363.8632170666,4408043.880780451,0.0
485407.1580271333,4408319.008972556,-2.6670084025410152
485446.2867197444,4408341.459749873,-2.662015036264336
485485.41541235545,4408363.910527189,-2.6570216699876577
485524.5441049665,4408386.361304506,-2.6520283037109786
485563.6727975776,4408408.812081822,-2.6470349374342996
485400.97305426665,4408279.704945113,-4.572014404356027
485451.75093948876,4408311.267499746,-4.56345434788172
485502.52882471087,4408342.830054379,-4.554894291407413
485553.30670993304,4408374.392609012,-4.546334234933107
485604.08459515515,4408405.955163646,-4.5377741784587995
485394.7880814,4408240.40091767,-5.7150180054450335
485457.21515923314,4408281.07524962,-5.70431793485215
485519.6422370663,4408321.749581569,-5.6936178642592665
485582.0693148995,4408362.423913518,-5.682917793666382
485644.49639273266,4408403.098245468,-5.672217723073499
485388.6031085333,4408201.096890226,-6.096019205808036
485462.6793789775,4408250.882999492,-6.084605797175627
485536.7556494218,4408300.669108758,-6.073192388543218
485610.83191986603,4408350.455218025,-6.061778979910809
485684.90819031023,4408400.24132729,-6.0503655712784
485388.6031085333,4408201.096890226,-6.096019205808036
485462.6793789775,4408250.882999492,-6.084605797175627
485536.7556494218,4408300.669108758,-6.073192388543218
485610.83191986603,4408350.455218025,-6.061778979910809
485684.90819031023,4408400.24132729,-6.0503655712784
485382.41813566664,4408161.792862782,-5.7150180054450335
485468.14359872194,4408220.690749365,-5.70431793485215
485553.86906177725,4408279.588635948,-5.6936178642592665
485639.5945248325,4408338.486522531,-5.682917793666383
485725.3199878878,4408397.384409114,-5.6722177230735
485376.23316279997,4408122.4888353385,-4.572014404356027
485473.6078184663,4408190.498499238,-4.56345434788172
485570.9824741327,4408258.508163137,-4.554894291407413
485668.357129799,4408326.517827037,-4.546334234933107
485765.7317854654,4408394.527490936,-4.5377741784587995
485370.0481899333,4408083.184807895,-2.6670084025410175
485479.0720382107,4408160.306249111,-2.662015036264338
485588.0958864881,4408237.427690327,-2.6570216699876585
485697.11973476555,4408314.549131543,-2.6520283037109795
485806.14358304295,4408391.67057276,-2.6470349374343
485363.8632170666,4408043.880780451,0.0
485484.5362579551,4408130.113998984,0.0
485605.2092988435,4408216.347217517,0.0
485725.882339732,4408302.580436049,0.0
485846.55538062047,4408388.813654582,0.0
485563.6727975776,4408408.812081822,-2.6470349374342996
485561.4158355664,4408429.782225102,-2.871060557329745
485559.15887355525,4408450.752368383,-3.0950861772251903
485556.90191154415,4408471.722511664,-3.319111797120635
485554.644949533,4408492.692654944,-3.5431374170160805
485604.08459515515,4408405.955163646,-4.5377741784587995
485601.43942113285,4408428.7704502065,-4.921818098279562
485598.7942471106,4408451.585736766,-5.305862018100326
485596.1490730883,4408474.401023326,-5.68990593792109
485593.503899066,4408497.216309887,-6.0739498577418525
485644.49639273266,4408403.098245468,-5.672217723073499
485641.4630066992,4408427.758675309,-6.152272622849453
485638.42962066585,4408452.41910515,-6.632327522625407
485635.3962346324,4408477.079534991,-7.112382422401361
485632.362848599,4408501.739964832,-7.592437322177315
485684.90819031023,4408400.24132729,-6.0503655712784
485681.48659226566,4408426.746900411,-6.562424131039418
485678.0649942211,4408453.252473533,-7.074482690800435
485674.6433961766,4408479.758046655,-7.586541250561453
485671.221798132,4408506.263619776,-8.09859981032247
485684.90819031023,4408400.24132729,-6.0503655712784
485681.48659226566,4408426.746900411,-6.562424131039418
485678.0649942211,4408453.252473533,-7.074482690800435
485674.6433961766,4408479.758046655,-7.586541250561453
485671.221798132,4408506.263619776,-8.09859981032247
485725.3199878878,4408397.384409114,-5.6722177230735
485721.5101778321,4408425.735125516,-6.152272622849454
485717.7003677764,4408454.0858419165,-6.632327522625408
485713.8905577207,4408482.436558317,-7.112382422401361
485710.08074766496,4408510.787274719,-7.592437322177315
485765.7317854654,4408394.527490936,-4.5377741784587995
485761.53376339853,4408424.723350618,-4.921818098279562
485757.3357413317,4408454.9192103,-5.305862018100326
485753.13771926484,4408485.115069982,-5.68990593792109
485748.939697198,4408515.3109296635,-6.0739498577418525
485806.14358304295,4408391.67057276,-2.6470349374343
485801.55734896497,4408423.711575721,-2.8710605573297454
485796.9711148869,4408455.752578683,-3.0950861772251903
485792.38488080894,4408487.793581646,-3.3191117971206356
485787.79864673095,4408519.834584608,-3.543137417016081
485846.55538062047,4408388.813654582,0.0
485841.58093453135,4408422.699800825,0.0
485836.60648844216,4408456.585947067,0.0
485831.63204235304,4408490.472093309,0.0
485826.6575962639,4408524.358239552,0.0
485554.644949533,4408492.692654944,-3.5431374170160805
485548.62956652313,4408500.015395762,-3.6536407790566443
485542.6141835133,4408507.33813658,-3.764144141097208
485536.5988005034,4408514.660877398,-3.874647503137772
485530.58341749356,4408521.983618217,-3.9851508651783356
485593.503899066,4408497.216309887,-6.0739498577418525
485583.4986330463,4408507.871791524,-6.263384192668533
485573.49336702656,4408518.5272731595,-6.452818527595214
485563.48810100683,4408529.182754796,-6.642252862521895
485553.4828349871,4408539.8382364325,-6.831687197448575
485632.362848599,4408501.739964832,-7.592437322177315
485618.3676995694,4408515.728187286,-7.829230240835666
485604.3725505398,4408529.716409741,-8.066023159494017
485590.37740151025,4408543.704632195,-8.302816078152368
485576.38225248066,4408557.692854649,-8.539608996810719
485671.221798132,4408506.263619776,-8.09859981032247
485653.23676609254,4408523.584583049,-8.351178923558045
485635.25173405313,4408540.905546321,-8.603758036793618
485617.2667020137,4408558.226509593,-8.856337150029193
485599.2816699742,4408575.547472866,-9.108916263264767
485671.221798132,4408506.263619776,-8.09859981032247
485653.23676609254,4408523.584583049,-8.351178923558045
485635.25173405313,4408540.905546321,-8.603758036793618
485617.2667020137,4408558.226509593,-8.856337150029193
485599.2816699742,4408575.547472866,-9.108916263264767
485710.08074766496,4408510.787274719,-7.592437322177315
485688.10583261563,4408531.44097881,-7.829230240835666
485666.13091756636,4408552.094682901,-8.066023159494017
485644.1560025171,4408572.748386992,-8.302816078152368
485622.18108746776,4408593.402091083,-8.539608996810719
485748.939697198,4408515.3109296635,-6.0739498577418525
485722.9748991388,4408539.297374573,-6.263384192668534
485697.01010107965,4408563.283819482,-6.452818527595214
485671.0453030205,4408587.27026439,-6.642252862521895
485645.0805049613,4408611.256709299,-6.831687197448576
485787.79864673095,4408519.834584608,-3.543137417016081
485757.84396566194,4408547.153770335,-3.653640779056645
485727.8892845929,4408574.472956061,-3.7641441410972094
485697.9346035238,4408601.792141789,-3.874647503137773
485667.9799224548,4408629.111327516,-3.9851508651783374
485826.6575962639,4408524.358239552,0.0
485792.71303218504,4408555.010166097,0.0
485758.76846810617,4408585.662092643,0.0
485724.82390402723,4408616.314019187,0.0
485690.87933994835,4408646.965945733,0.0
485530.58341749356,4408521.983618217,-3.9851508651783356
485507.4703592775,4408537.7606686205,-3.664801059433643
485484.35730106145,4408553.537719023,-3.3444512536889506
485461.2442428454,4408569.314769426,-3.024101447944258
485438.13118462934,4408585.09181983,-2.7037516421995655
485553.4828349871,4408539.8382364325,-6.831687197448575
485529.528468555,4408556.98308724,-6.282516101886245
485505.5741021229,4408574.127938047,-5.7333450063239155
485481.6197356908,4408591.272788853,-5.184173910761586
485457.6653692587,4408608.417639661,-4.635002815199256
485576.38225248066,4408557.692854649,-8.539608996810719
485551.5865778325,4408576.20550586,-7.853145127357807
485526.79090318433,4408594.71815707,-7.166681257904894
485501.9952285362,4408613.23080828,-6.480217388451981
485477.19955388806,4408631.743459491,-5.793753518999069
485599.2816699742,4408575.547472866,-9.108916263264767
485573.64468711,4408595.42792448,-8.376688135848326
485548.0077042458,4408615.308376093,-7.644460008431887
485522.3707213816,4408635.1888277065,-6.912231881015447
485496.7337385174,4408655.069279321,-6.1800037535990064
485599.2816699742,4408575.547472866,-9.108916263264767
485573.64468711,4408595.42792448,-8.376688135848326
485548.0077042458,4408615.308376093,-7.644460008431887
485522.3707213816,4408635.1888277065,-6.912231881015447
485496.7337385174,4408655.069279321,-6.1800037535990064
485622.18108746776,4408593.402091083,-8.539608996810719
485595.7027963875,4408614.6503431,-7.853145127357807
485569.22450530727,4408635.898595117,-7.166681257904894
485542.74621422705,4408657.146847134,-6.480217388451981
485516.2679231468,4408678.395099151,-5.793753518999069
485645.0805049613,4408611.256709299,-6.831687197448576
485617.760905665,4408633.87276172,-6.282516101886246
485590.4413063687,4408656.48881414,-5.7333450063239155
485563.1217070724,4408679.104866561,-5.184173910761585
485535.8021077761,4408701.720918981,-4.635002815199255
485667.9799224548,4408629.111327516,-3.9851508651783374
485639.81901494245,4408653.09518034,-3.6648010594336444
485611.6581074301,4408677.079033164,-3.344451253688951
485583.4971999178,4408701.062885988,-3.024101447944258
485555.33629240544,4408725.046738812,-2.703751642199565
485690.87933994835,4408646.965945733,0.0
485661.87712421996,4408672.31759896,0.0
485632.87490849156,4408697.669252187,0.0
485603.87269276317,4408723.020905415,0.0
485574.87047703477,4408748.372558642,0.0
485438.13118462934,4408585.09181983,-2.7037516421995655
485423.6494949765,4408592.7812471,-2.6332474348618224
485409.1678053236,4408600.47067437,-2.56274322752408
485394.6861156707,4408608.160101641,-2.4922390201863367
485380.2044260179,4408615.849528911,-2.4217348128485936
485457.6653692587,4408608.417639661,-4.635002815199256
485442.45498995297,4408616.565994201,-4.5141384597631244
485427.2446106472,4408624.714348741,-4.393274104326993
485412.0342313415,4408632.8627032805,-4.272409748890863
485396.82385203574,4408641.011057821,-4.1515453934547315
485477.19955388806,4408631.743459491,-5.793753518999069
485461.26048492943,4408640.350741301,-5.6426730747039056
485445.3214159708,4408648.958023111,-5.491592630408742
485429.38234701223,4408657.565304922,-5.340512186113578
485413.4432780536,4408666.172586732,-5.189431741818415
485496.7337385174,4408655.069279321,-6.1800037535990064
485480.0659799059,4408664.135488401,-6.018851279684165
485463.3982212944,4408673.201697482,-5.857698805769324
485446.7304626829,4408682.2679065615,-5.696546331854484
485430.0627040714,4408691.334115642,-5.535393857939643
485496.7337385174,4408655.069279321,-6.1800037535990064
485480.0659799059,4408664.135488401,-6.018851279684165
485463.3982212944,4408673.201697482,-5.857698805769324
485446.7304626829,4408682.2679065615,-5.696546331854484
485430.0627040714,4408691.334115642,-5.535393857939643
485516.2679231468,4408678.395099151,-5.793753518999069
485498.8714748824,4408687.920235502,-5.6426730747039056
485481.475026618,4408697.445371851,-5.491592630408742
485464.0785783536,4408706.970508202,-5.340512186113578
485446.68213008926,4408716.495644553,-5.189431741818415
485535.8021077761,4408701.720918981,-4.635002815199255
485517.6769698589,4408711.704982602,-4.5141384597631244
485499.5518319416,4408721.689046223,-4.393274104326993
485481.42669402435,4408731.673109842,-4.272409748890863
485463.3015561071,4408741.657173463,-4.151545393454732
485555.33629240544,4408725.046738812,-2.703751642199565
485536.48246483534,4408735.4897297025,-2.633247434861822
485517.6286372652,4408745.932720592,-2.562743227524079
485498.7748096951,4408756.375711483,-2.492239020186336
485479.920982125,4408766.818702374,-2.4217348128485927
485574.87047703477,4408748.372558642,0.0
485555.2879598118,4408759.274476803,0.0
485535.7054425888,4408770.176394964,0.0
485516.1229253658,4408781.078313124,0.0
485496.54040814284,4408791.980231285,0.0
485380.2044260179,4408615.849528911,-2.4217348128485936
485359.42337611166,4408628.23990648,-2.4017198047785695
485338.6423262054,4408640.630284049,-2.3817047967085454
485317.8612762991,4408653.020661619,-2.3616897886385217
485297.0802263929,4408665.411039188,-2.3416747805684976
485396.82385203574,4408641.011057821,-4.1515453934547315
485377.53425222327,4408652.129562959,-4.117233951048976
485358.2446524108,4408663.248068098,-4.082922508643221
485338.9550525983,4408674.366573237,-4.0486110662374655
485319.66545278585,4408685.485078375,-4.01429962383171
485413.4432780536,4408666.172586732,-5.189431741818415
485395.6451283349,4408676.0192194395,-5.14654243881122
485377.8469786162,4408685.865852147,-5.103653135804025
485360.0488288975,4408695.712484854,-5.06076383279683
485342.25067917875,4408705.559117562,-5.017874529789636
485430.0627040714,4408691.334115642,-5.535393857939643
485413.7560044465,4408699.908875919,-5.489645268065302
485397.44930482155,4408708.483636196,-5.443896678190962
485381.1426051966,4408717.058396473,-5.398148088316621
485364.8359055717,4408725.633156749,-5.35239949844228
485430.0627040714,4408691.334115642,-5.535393857939643
485413.7560044465,4408699.908875919,-5.489645268065302
485397.44930482155,4408708.483636196,-5.443896678190962
485381.1426051966,4408717.058396473,-5.398148088316621
485364.8359055717,4408725.633156749,-5.35239949844228
485446.68213008926,4408716.495644553,-5.189431741818415
485431.8668805581,4408723.798532398,-5.14654243881122
485417.0516310269,4408731.101420244,-5.103653135804025
485402.2363814958,4408738.404308091,-5.060763832796831
485387.4211319646,4408745.707195937,-5.017874529789637
485463.3015561071,4408741.657173463,-4.151545393454732
485449.97775666974,4408747.688188879,-4.117233951048977
485436.65395723237,4408753.719204294,-4.082922508643221
485423.33015779493,4408759.750219708,-4.048611066237465
485410.00635835755,4408765.781235124,-4.014299623831709
485479.920982125,4408766.818702374,-2.4217348128485927
485468.08863278135,4408771.577845358,-2.4017198047785686
485456.2562834377,4408776.336988343,-2.3817047967085445
485444.4239340941,4408781.096131327,-2.3616897886385204
485432.59158475045,4408785.855274311,-2.3416747805684963
485496.54040814284,4408791.980231285,0.0
485486.19950889295,4408795.467501839,0.0
485475.8586096431,4408798.954772392,0.0
485465.5177103933,4408802.442042945,0.0
485455.1768111434,4408805.929313499,0.0
485297.0802263929,4408665.411039188,-2.3416747805684976
485268.4212072656,4408695.41605231,-2.4499177816101
485239.7621881382,4408725.421065432,-2.5581607826517025
485211.10316901084,4408755.426078554,-2.6664037836933048
485182.4441498835,4408785.4310916765,-2.774646784734907
485319.66545278585,4408685.485078375,-4.01429962383171
485291.75466453115,4408713.11260462,-4.199859054188742
485263.84387627646,4408740.740130864,-4.3854184845457755
485235.93308802176,4408768.367657108,-4.570977914902808
485208.02229976706,4408795.995183353,-4.75653734525984
485342.25067917875,4408705.559117562,-5.017874529789636
485315.0881217967,4408730.809156929,-5.249823817735927
485287.92556441465,4408756.059196296,-5.481773105682219
485260.76300703257,4408781.309235663,-5.71372239362851
485233.60044965055,4408806.55927503,-5.945671681574801
485364.8359055717,4408725.633156749,-5.35239949844228
485338.4215790623,4408748.505709238,-5.599812072251656
485312.0072525529,4408771.378261728,-5.847224646061033
485285.5929260435,4408794.250814218,-6.09463721987041
485259.1785995341,4408817.123366707,-6.342049793679787
485364.8359055717,4408725.633156749,-5.35239949844228
485338.4215790623,4408748.505709238,-5.599812072251656
485312.0072525529,4408771.378261728,-5.847224646061033
485285.5929260435,4408794.250814218,-6.09463721987041
485259.1785995341,4408817.123366707,-6.342049793679787
485387.4211319646,4408745.707195937,-5.017874529789637
485361.7550363279,4408766.2022615485,-5.249823817735928
485336.0889406911,4408786.69732716,-5.481773105682219
485310.4228450543,4408807.192392772,-5.71372239362851
485284.7567494176,4408827.687458384,-5.945671681574801
485410.00635835755,4408765.781235124,-4.014299623831709
485385.08849359344,4408783.898813858,-4.199859054188742
485360.1706288293,4408802.016392592,-4.385418484545775
485335.25276406517,4408820.133971326,-4.570977914902807
485310.33489930106,4408838.25155006,-4.75653734525984
485432.59158475045,4408785.855274311,-2.3416747805684963
485408.421950859,4408801.595366168,-2.449917781610099
485384.2523169675,4408817.3354580235,-2.5581607826517017
485360.08268307603,4408833.07554988,-2.6664037836933043
485335.9130491846,4408848.815641737,-2.774646784734907
485455.1768111434,4408805.929313499,0.0
485431.7554081246,4408819.291918477,0.0
485408.3340051058,4408832.6545234565,0.0
485384.9126020869,4408846.017128435,0.0
485361.4911990681,4408859.379733413,0.0
485182.4441498835,4408785.4310916765,-2.774646784734907
485273.20048335905,4408859.213029123,-3.223902694053288
485363.95681683463,4408932.994966569,-3.673158603371669
485454.71315031016,4409006.776904016,-4.1224145126900495
485545.4694837857,4409080.558841462,-4.571670422008431
485208.02229976706,4408795.995183353,-4.75653734525984
485286.12996671814,4408860.686558247,-5.526690332662779
485364.23763366917,4408925.377933139,-6.296843320065719
485442.3453006202,4408990.069308031,-7.066996307468657
485520.45296757127,4409054.760682925,-7.837149294871597
485233.60044965055,4408806.55927503,-5.945671681574801
485299.0594500771,4408862.160087369,-6.908362915828475
485364.5184505037,4408917.76089971,-7.871054150082148
485429.97745093034,4408973.361712049,-8.83374538433582
485495.4364513569,4409028.962524388,-9.796436618589494
485259.1785995341,4408817.123366707,-6.342049793679787
485311.9889334362,4408863.633616493,-7.368920443550373
485364.79926733836,4408910.143866278,-8.395791093420957
485417.60960124043,4408956.654116064,-9.422661743291542
485470.41993514256,4409003.16436585,-10.449532393162128
485259.1785995341,4408817.123366707,-6.342049793679787
485311.9889334362,4408863.633616493,-7.368920443550373
485364.79926733836,4408910.143866278,-8.395791093420957
485417.60960124043,4408956.654116064,-9.422661743291542
485470.41993514256,4409003.16436585,-10.449532393162128
485284.7567494176,4408827.687458384,-5.945671681574801
485324.9184167952,4408865.107145616,-6.908362915828475
485365.0800841729,4408902.526832849,-7.871054150082148
485405.2417515505,4408939.946520081,-8.83374538433582
485445.40341892815,4408977.366207313,-9.796436618589494
485310.33489930106,4408838.25155006,-4.75653734525984
485337.84790015424,4408866.580674739,-5.5266903326627785
485365.3609010074,4408894.9097994175,-6.296843320065717
485392.8739018606,4408923.238924096,-7.0669963074686555
485420.3869027138,4408951.568048775,-7.837149294871594
485335.9130491846,4408848.815641737,-2.774646784734907
485350.7773835133,4408868.054203862,-3.2239026940532876
485365.64171784197,4408887.292765987,-3.6731586033716686
485380.5060521707,4408906.531328112,-4.1224145126900495
485395.3703864994,4408925.769890238,-4.57167042200843
485361.4911990681,4408859.379733413,0.0
485363.7068668723,4408869.527732985,0.0
485365.92253467656,4408879.675732557,0.0
485368.1382024808,4408889.823732128,0.0
485370.35387028503,4408899.9717317,0.0
485545.4694837857,4409080.558841462,-4.571670422008431
485531.96316218516,4409088.195779084,-3.9570370698313897
485518.4568405846,4409095.832716707,-3.3424037176543484
485504.950518984,4409103.469654329,-2.727770365477307
485491.4441973835,4409111.106591951,-2.113137013300266
485520.45296757127,4409054.760682925,-7.837149294871597
485516.5245743702,4409062.33330817,-6.783492119710955
485512.59618116915,4409069.905933414,-5.729834944550312
485508.66778796806,4409077.478558658,-4.676177769389669
485504.739394767,4409085.051183903,-3.622520594229027
485495.4364513569,4409028.962524388,-9.796436618589494
485501.0859865553,4409036.470837254,-8.479365149638692
485506.73552175367,4409043.979150121,-7.162293680687889
485512.3850569521,4409051.487462988,-5.845222211737086
485518.0345921505,4409058.995775854,-4.528150742786284
485470.41993514256,4409003.16436585,-10.449532393162128
485485.6473987404,4409010.6083663395,-9.044656159614606
485500.8748623383,4409018.052366829,-7.6397799260670824
485516.10232593614,4409025.496367317,-6.234903692519559
485531.329789534,4409032.940367806,-4.830027458972037
485470.41993514256,4409003.16436585,-10.449532393162128
485485.6473987404,4409010.6083663395,-9.044656159614606
485500.8748623383,4409018.052366829,-7.6397799260670824
485516.10232593614,4409025.496367317,-6.234903692519559
485531.329789534,4409032.940367806,-4.830027458972037
485445.40341892815,4408977.366207313,-9.796436618589494
485470.2088109255,4408984.745895424,-8.479365149638692
485495.0142029228,4408992.125583535,-7.162293680687889
485519.81959492015,4408999.505271647,-5.845222211737086
485544.6249869175,4409006.884959758,-4.528150742786284
485420.3869027138,4408951.568048775,-7.837149294871594
485454.77022311056,4408958.883424509,-6.783492119710952
485489.1535435074,4408966.1988002425,-5.72983494455031
485523.5368639042,4408973.514175976,-4.6761777693896684
485557.920184301,4408980.82955171,-3.622520594229027
485395.3703864994,4408925.769890238,-4.57167042200843
485439.33163529565,4408933.020953594,-3.9570370698313893
485483.29288409196,4408940.27201695,-3.342403717654348
485527.2541328882,4408947.523080305,-2.7277703654773067
485571.2153816845,4408954.774143661,-2.113137013300266
485370.35387028503,4408899.9717317,0.0
485423.8930474808,4408907.158482678,0.0
485477.4322246765,4408914.3452336565,0.0
485530.97140187223,4408921.531984635,0.0
485584.510579068,4408928.718735613,0.0
485491.4441973835,4409111.106591951,-2.113137013300266
485562.5311434583,4409082.455459878,-2.130343591091319
485633.6180895332,4409053.804327804,-2.1475501688823724
485704.70503560797,4409025.1531957295,-2.164756746673426
485775.7919816828,4408996.502063656,-2.181963324464479
485504.739394767,4409085.051183903,-3.622520594229027
485569.35028691666,4409056.462419756,-3.6520175847279757
485633.96117906633,4409027.873655608,-3.6815145752269243
485698.57207121595,4408999.28489146,-3.711011565725873
485763.18296336563,4408970.696127313,-3.7405085562248215
485518.0345921505,4409058.995775854,-4.528150742786284
485576.169430375,4409030.469379633,-4.56502198090997
485634.3042685995,4409001.942983411,-4.601893219033656
485692.43910682393,4408973.416587191,-4.6387644571573405
485750.57394504844,4408944.890190969,-4.675635695281026
485531.329789534,4409032.940367806,-4.830027458972037
485582.9885738333,4409004.476339511,-4.869356779637301
485634.64735813264,4408976.0123112155,-4.908686100302566
485686.3061424319,4408947.54828292,-4.94801542096783
485737.96492673125,4408919.084254625,-4.987344741633095
485531.329789534,4409032.940367806,-4.830027458972037
485582.9885738333,4409004.476339511,-4.869356779637301
485634.64735813264,4408976.0123112155,-4.908686100302566
485686.3061424319,4408947.54828292,-4.94801542096783
485737.96492673125,4408919.084254625,-4.987344741633095
485544.6249869175,4409006.884959758,-4.528150742786284
485589.80771729164,4408978.4832993895,-4.56502198090997
485634.9904476658,4408950.08163902,-4.601893219033656
485680.17317803996,4408921.679978651,-4.6387644571573405
485725.3559084141,4408893.278318282,-4.675635695281026
485557.920184301,4408980.82955171,-3.622520594229027
485596.62686074997,4408952.490259267,-3.652017584727975
485635.33353719895,4408924.150966824,-3.681514575226924
485674.04021364794,4408895.811674381,-3.711011565725872
485712.7468900969,4408867.472381938,-3.74050855622482
485571.2153816845,4408954.774143661,-2.113137013300266
485603.4460042083,4408926.497219145,-2.130343591091319
485635.6766267321,4408898.220294628,-2.147550168882372
485667.9072492559,4408869.943370111,-2.1647567466734254
485700.13787177973,4408841.666445595,-2.1819633244644785
485584.510579068,4408928.718735613,0.0
485610.2651476666,4408900.504179022,0.0
485636.01971626526,4408872.289622432,0.0
485661.7742848639,4408844.075065842,0.0
485687.52885346254,4408815.860509251,0.0
485775.7919816828,4408996.502063656,-2.181963324464479
485801.02721018903,4408985.819896675,-2.149243576176369
485826.2624386952,4408975.137729693,-2.116523827888259
485851.4976672014,4408964.455562711,-2.08380407960015
485876.7328957076,4408953.773395729,-2.05108433131204
485763.18296336563,4408970.696127313,-3.7405085562248215
485787.580670378,4408959.34529335,-3.68441755915949
485811.9783773904,4408947.994459387,-3.628326562094159
485836.3760844028,4408936.643625423,-3.572235565028828
485860.77379141515,4408925.29279146,-3.516144567963497
485750.57394504844,4408944.890190969,-4.675635695281026
485774.134130567,4408932.870690024,-4.605521948949362
485797.69431608554,4408920.851189079,-4.535408202617699
485821.2545016041,4408908.831688134,-4.465294456286035
485844.8146871227,4408896.812187189,-4.395180709954371
485737.96492673125,4408919.084254625,-4.987344741633095
485760.687590756,4408906.396086698,-4.912556745545986
485783.4102547807,4408893.7079187725,-4.837768749458879
485806.13291880547,4408881.019750846,-4.762980753371771
485828.8555828302,4408868.331582919,-4.6881927572846624
485737.96492673125,4408919.084254625,-4.987344741633095
485760.687590756,4408906.396086698,-4.912556745545986
485783.4102547807,4408893.7079187725,-4.837768749458879
485806.13291880547,4408881.019750846,-4.762980753371771
485828.8555828302,4408868.331582919,-4.6881927572846624
485725.3559084141,4408893.278318282,-4.675635695281026
485747.241050945,4408879.921483374,-4.605521948949363
485769.1261934759,4408866.564648466,-4.535408202617699
485791.01133600686,4408853.207813557,-4.465294456286035
485812.89647853776,4408839.850978649,-4.395180709954372
485712.7468900969,4408867.472381938,-3.74050855622482
485733.79451113404,4408853.446880048,-3.684417559159489
485754.84213217115,4408839.421378158,-3.6283265620941583
485775.8897532082,4408825.395876269,-3.5722355650288273
485796.9373742453,4408811.370374379,-3.5161445679634964
485700.13787177973,4408841.666445595,-2.1819633244644785
485720.347971323,4408826.972276723,-2.1492435761763686
485740.5580708663,4408812.278107852,-2.1165238278882588
485760.7681704096,4408797.5839389805,-2.083804079600149
485780.9782699529,4408782.889770108,-2.051084331312039
485687.52885346254,4408815.860509251,0.0
485706.90143151203,4408800.497673398,0.0
485726.2740095615,4408785.134837545,0.0
485745.64658761094,4408769.772001692,0.0
485765.01916566043,4408754.409165839,0.0
485876.7328957076,4408953.773395729,-2.05108433131204
485898.53738363594,4408940.505523301,-2.109284933140797
485920.3418715643,4408927.237650871,-2.167485534969553
485942.1463594926,4408913.969778443,-2.22568613679831
485963.95084742096,4408900.701906014,-2.283886738627067
485860.77379141515,4408925.29279146,-3.516144567963497
485885.06976727187,4408911.581546602,-3.6159170282413653
485909.3657431286,4408897.870301744,-3.715689488519234
485933.66171898524,4408884.159056885,-3.815461948797103
485957.95769484196,4408870.447812027,-3.9152344090749716
485844.8146871227,4408896.812187189,-4.395180709954371
485871.6021509078,4408882.657569902,-4.519896285301707
485898.3896146929,4408868.502952615,-4.644611860649043
485925.1770784779,4408854.3483353285,-4.76932743599638
485951.964542263,4408840.193718041,-4.894043011343716
485828.8555828302,4408868.331582919,-4.6881927572846624
485858.1345345437,4408853.733593203,-4.821222704321821
485887.4134862571,4408839.135603487,-4.9542526513589795
485916.69243797055,4408824.53761377,-5.087282598396137
485945.971389684,4408809.939624054,-5.220312545433296
485828.8555828302,4408868.331582919,-4.6881927572846624
485858.1345345437,4408853.733593203,-4.821222704321821
485887.4134862571,4408839.135603487,-4.9542526513589795
485916.69243797055,4408824.53761377,-5.087282598396137
485945.971389684,4408809.939624054,-5.220312545433296
485812.89647853776,4408839.850978649,-4.395180709954372
485844.6669181796,4408824.809616504,-4.519896285301708
485876.4373578214,4408809.768254358,-4.644611860649043
485908.20779746317,4408794.726892213,-4.769327435996379
485939.978237105,4408779.685530068,-4.894043011343715
485796.9373742453,4408811.370374379,-3.5161445679634964
485831.1993018155,4408795.885639804,-3.6159170282413653
485865.4612293857,4408780.40090523,-3.715689488519234
485899.72315695585,4408764.916170656,-3.815461948797103
485933.985084526,4408749.431436081,-3.915234409074972
485780.9782699529,4408782.889770108,-2.051084331312039
485817.7316854514,4408766.961663105,-2.1092849331407963
485854.48510094994,4408751.033556102,-2.167485534969553
485891.2385164485,4408735.105449099,-2.2256861367983105
485927.991931947,4408719.177342095,-2.283886738627068
485765.01916566043,4408754.409165839,0.0
485804.26406908734,4408738.037686406,0.0
485843.50897251425,4408721.666206974,0.0
485882.75387594115,4408705.2947275415,0.0
485921.99877936806,4408688.9232481085,0.0
485963.95084742096,4408900.701906014,-2.283886738627067
485984.4838009014,4408905.663023853,-2.202228646123814
486005.0167543818,4408910.624141691,-2.120570553620561
486025.5497078622,4408915.585259529,-2.0389124611173077
486046.08266134263,4408920.546377367,-1.9572543686140544
485957.95769484196,4408870.447812027,-3.9152344090749716
485981.2328518028,4408876.4790477045,-3.7752491076408234
486004.50800876366,4408882.510283381,-3.6352638062066753
486027.7831657245,4408888.541519057,-3.495278504772527
486051.0583226853,4408894.572754734,-3.355293203338379
485951.964542263,4408840.193718041,-4.894043011343716
485977.9819027042,4408847.295071556,-4.719061384551031
486003.9992631455,4408854.396425072,-4.544079757758345
486030.0166235867,4408861.497778587,-4.369098130965659
486056.0339840279,4408868.599132102,-4.194116504172974
485945.971389684,4408809.939624054,-5.220312545433296
485974.7309536057,4408818.111095408,-5.0336654768544316
486003.49051752733,4408826.282566762,-4.847018408275567
486032.25008144893,4408834.454038115,-4.660371339696703
486061.0096453706,4408842.625509469,-4.473724271117839
485945.971389684,4408809.939624054,-5.220312545433296
485974.7309536057,4408818.111095408,-5.0336654768544316
486003.49051752733,4408826.282566762,-4.847018408275567
486032.25008144893,4408834.454038115,-4.660371339696703
486061.0096453706,4408842.625509469,-4.473724271117839
485939.978237105,4408779.685530068,-4.894043011343715
485971.48000450706,4408788.927119261,-4.71906138455103
486002.9817719091,4408798.168708453,-4.544079757758345
486034.48353931116,4408807.410297644,-4.369098130965659
486065.9853067132,4408816.651886837,-4.194116504172974
485933.985084526,4408749.431436081,-3.915234409074972
485968.2290554085,4408759.743143112,-3.775249107640824
486002.47302629094,4408770.054850142,-3.6352638062066758
486036.7169971734,4408780.366557173,-3.495278504772527
486070.9609680559,4408790.678264204,-3.355293203338379
485927.991931947,4408719.177342095,-2.283886738627068
485964.9781063099,4408730.559166964,-2.2022286461238147
486001.9642806727,4408741.940991834,-2.1205705536205612
486038.9504550356,4408753.322816703,-2.0389124611173077
486075.9366293985,4408764.704641571,-1.9572543686140547
485921.99877936806,4408688.9232481085,0.0
485961.72715721134,4408701.375190816,0.0
486001.4555350546,4408713.827133523,0.0
486041.1839128979,4408726.279076232,0.0
486080.91229074117,4408738.731018939,0.0
486046.08266134263,4408920.546377367,-1.9572543686140544
486082.2565772672,4408918.940642564,-2.109447520930752
486118.4304931918,4408917.334907759,-2.26164067324745
486154.6044091164,4408915.729172954,-2.413833825564148
486190.77832504094,4408914.123438151,-2.566026977880846
486051.0583226853,4408894.572754734,-3.355293203338379
486086.3506545345,4408894.179285126,-3.6161957501670043
486121.64298638364,4408893.785815518,-3.877098296995629
486156.9353182328,4408893.39234591,-4.138000843824255
486192.227650082,4408892.998876302,-4.39890339065288
486056.0339840279,4408868.599132102,-4.194116504172974
486090.4447318017,4408869.41792769,-4.520244687708756
486124.85547957546,4408870.236723278,-4.846372871244537
486159.2662273492,4408871.055518865,-5.172501054780318
486193.67697512294,4408871.8743144525,-5.4986292383160995
486061.0096453706,4408842.625509469,-4.473724271117839
486094.5388090689,4408844.656570252,-4.821594333556006
486128.0679727673,4408846.687631036,-5.169464395994172
486161.5971364656,4408848.71869182,-5.517334458432339
486195.1263001639,4408850.7497526035,-5.865204520870506
486061.0096453706,4408842.625509469,-4.473724271117839
486094.5388090689,4408844.656570252,-4.821594333556006
486128.0679727673,4408846.687631036,-5.169464395994172
486161.5971364656,4408848.71869182,-5.517334458432339
486195.1263001639,4408850.7497526035,-5.865204520870506
486065.9853067132,4408816.651886837,-4.194116504172974
486098.6328863361,4408819.895212816,-4.520244687708756
486131.28046595905,4408823.1385387955,-4.846372871244537
486163.92804558197,4408826.381864775,-5.172501054780318
486196.5756252049,4408829.625190754,-5.4986292383160995
486070.9609680559,4408790.678264204,-3.355293203338379
486102.7269636034,4408795.133855379,-3.616195750167004
486134.4929591509,4408799.589446554,-3.877098296995629
486166.2589546984,4408804.04503773,-4.138000843824254
486198.0249502459,4408808.500628904,-4.398903390652879
486075.9366293985,4408764.704641571,-1.9572543686140547
486106.8210408706,4408770.372497942,-2.109447520930752
486137.7054523427,4408776.040354313,-2.2616406732474497
486168.58986381476,4408781.708210684,-2.413833825564147
486199.4742752869,4408787.376067055,-2.5660269778808447
486080.91229074117,4408738.731018939,0.0
486110.91511813784,4408745.611140506,0.0
486140.9179455345,4408752.491262073,0.0
486170.9207729312,4408759.371383639,0.0
486200.92360032786,4408766.251505206,0.0
486190.77832504094,4408914.123438151,-2.566026977880846
486213.3747120682,4408918.0071268305,-2.3457863232913425
486235.9710990954,4408921.8908155095,-2.1255456687018386
486258.56748612266,4408925.774504189,-1.905305014112335
486281.1638731499,4408929.658192869,-1.6850643595228314
486192.227650082,4408892.998876302,-4.39890339065288
486216.0494241364,4408897.555503661,-4.021347982785159
486239.87119819084,4408902.11213102,-3.6437925749174385
486263.69297224534,4408906.66875838,-3.266237167049718
486287.51474629977,4408911.2253857395,-2.8886817591819973
486193.67697512294,4408871.8743144525,-5.4986292383160995
486218.72413620463,4408877.103880491,-5.026684978481449
486243.7712972863,4408882.333446531,-4.554740718646798
486268.818458368,4408887.56301257,-4.0827964588121475
486293.8656194497,4408892.792578609,-3.6108521989774967
486195.1263001639,4408850.7497526035,-5.865204520870506
486221.39884827286,4408856.652257322,-5.361797310380212
486247.67139638175,4408862.554762041,-4.858390099889918
486273.94394449063,4408868.45726676,-4.354982889399624
486300.2164925996,4408874.359771479,-3.8515756789093296
486195.1263001639,4408850.7497526035,-5.865204520870506
486221.39884827286,4408856.652257322,-5.361797310380212
486247.67139638175,4408862.554762041,-4.858390099889918
486273.94394449063,4408868.45726676,-4.354982889399624
486300.2164925996,4408874.359771479,-3.8515756789093296
486196.5756252049,4408829.625190754,-5.4986292383160995
486224.073560341,4408836.200634153,-5.026684978481448
486251.5714954772,4408842.776077552,-4.554740718646798
486279.06943061337,4408849.35152095,-4.0827964588121475
486306.5673657495,4408855.926964348,-3.610852198977496
486198.0249502459,4408808.500628904,-4.398903390652879
486226.7482724093,4408815.749010983,-4.021347982785159
486255.47159457265,4408822.997393061,-3.6437925749174376
486284.194916736,4408830.24577514,-3.2662371670497174
486312.9182388994,4408837.494157218,-2.888681759181997
486199.4742752869,4408787.376067055,-2.5660269778808447
486229.4229844775,4408795.297387813,-2.345786323291341
486259.3716936681,4408803.218708571,-2.1255456687018377
486289.3204028587,4408811.14002933,-1.905305014112334
486319.2691120493,4408819.061350088,-1.6850643595228305
486200.92360032786,4408766.251505206,0.0
486232.0976965457,4408774.845764644,0.0
486263.2717927635,4408783.440024082,0.0
486294.44588898134,4408792.03428352,0.0
486325.6199851992,4408800.628542958,0.0
486281.1638731499,4408929.658192869,-1.6850643595228314
486326.378231065,4408949.503661578,-1.576574896271732
486371.5925889801,4408969.349130286,-1.4680854330206325
486416.80694689514,4408989.194598995,-1.3595959697695332
486462.02130481025,4409009.040067703,-1.251106506518434
486287.51474629977,4408911.2253857395,-2.8886817591819973
486332.3895621299,4408930.285073156,-2.7026998221801124
486377.2643779601,4408949.344760573,-2.516717885178228
486422.13919379027,4408968.40444799,-2.3307359481763434
486467.0140096204,4408987.464135406,-2.1447540111744585
486293.8656194497,4408892.792578609,-3.6108521989774967
486338.40089319495,4408911.0664847335,-3.3783747777251407
486382.93616694014,4408929.340390859,-3.145897356472785
486427.4714406854,4408947.614296984,-2.913419935220429
486472.00671443064,4408965.888203109,-2.680942513968073
486300.2164925996,4408874.359771479,-3.8515756789093296
486344.41222425987,4408891.847896311,-3.603599762906817
486388.60795592016,4408909.336021145,-3.3556238469043036
486432.8036875805,4408926.824145978,-3.1076479309017904
486476.9994192408,4408944.312270811,-2.8596720148992776
486300.2164925996,4408874.359771479,-3.8515756789093296
486344.41222425987,4408891.847896311,-3.603599762906817
486388.60795592016,4408909.336021145,-3.3556238469043036
486432.8036875805,4408926.824145978,-3.1076479309017904
486476.9994192408,4408944.312270811,-2.8596720148992776
486306.5673657495,4408855.926964348,-3.610852198977496
486350.4235553249,4408872.629307889,-3.3783747777251403
486394.2797449003,4408889.331651431,-3.1458973564727843
486438.13593447563,4408906.033994973,-2.913419935220429
486481.99212405103,4408922.736338514,-2.680942513968073
486312.9182388994,4408837.494157218,-2.888681759181997
486356.4348863899,4408853.410719468,-2.7026998221801124
486399.9515338803,4408869.327281717,-2.5167178851782275
486443.46818137076,4408885.243843967,-2.3307359481763426
486486.98482886126,4408901.160406217,-2.144754011174458
486319.2691120493,4408819.061350088,-1.6850643595228305
486362.44621745485,4408834.192131045,-1.5765748962717314
486405.62332286034,4408849.322912004,-1.4680854330206325
486448.8004282659,4408864.4536929615,-1.3595959697695335
486491.9775336714,4408879.584473919,-1.2511065065184344
486325.6199851992,4408800.628542958,0.0
486368.45754851983,4408814.973542624,0.0
486411.2951118404,4408829.3185422905,0.0
486454.132675161,4408843.663541956,0.0
486496.97023848165,4408858.008541622,0.0
484340.9170966888,4407476.2997195665,-1.6538054388046515
484387.1821933776,4407478.236439132,-2.8350950379508313
484433.4472900664,4407480.173158699,-3.5438687974385386
484479.71238675516,4407482.109878264,-3.7801267172677746
484479.71238675516,4407482.109878264,-3.7801267172677746
484525.977483444,4407484.046597831,-3.543868797438539
484572.2425801328,4407485.983317397,-2.835095037950831
484618.50767682155,4407487.920036963,-1.6538054388046513
484664.77277351037,4407489.856756529,0.0
484311.4422977618,4407572.182783754,-1.7449966830339387
484361.7695955236,4407572.457567507,-2.9914228852010374
484412.0968932854,4407572.732351262,-3.7392786065012973
484462.4241910472,4407573.007135016,-3.988563846934717
484462.4241910472,4407573.007135016,-3.988563846934717
484512.751488809,4407573.28191877,-3.7392786065012973
484563.07878657075,4407573.5567025235,-2.9914228852010383
484613.40608433256,4407573.831486277,-1.744996683033939
484663.73338209436,4407574.106270031,0.0
484317.7434918475,4407759.870435739,-1.8820718505240803
484361.368983695,4407759.013871477,-3.226408886612709
484404.99447554245,4407758.157307216,-4.033011108265886
484448.61996738997,4407757.300742955,-4.3018785154836126
484448.61996738997,4407757.300742955,-4.3018785154836126
484492.2454592375,4407756.444178694,-4.033011108265886
484535.870951085,4407755.587614432,-3.2264088866127083
484579.49644293246,4407754.731050171,-1.8820718505240799
484623.12193478,4407753.87448591,0.0
484317.7677372012,4407808.720003349,-2.0158075383033225
484359.91147440235,4407809.712006698,-3.4556700656628383
484402.0552116035,4407810.704010047,-4.319587582078547
484444.1989488047,4407811.696013396,-4.607560087550451
484444.1989488047,4407811.696013396,-4.607560087550451
484486.34268600587,4407812.688016744,-4.319587582078547
484528.48642320704,4407813.680020094,-3.4556700656628387
484570.63016040815,4407814.672023443,-2.0158075383033216
484612.7738976093,4407815.664026791,0.0
484402.7309024796,4408148.347897775,-1.9506978399424073
484437.3168049592,4408119.103795549,-3.3440534399012694
484471.9027074388,4408089.859693322,-4.180066799876586
484506.4886099184,4408060.615591097,-4.458737919868359
484506.4886099184,4408060.615591097,-4.458737919868359
484541.074512398,4408031.371488871,-4.180066799876587
484575.6604148776,4408002.127386645,-3.3440534399012694
484610.2463173572,4407972.88328442,-1.9506978399424062
484644.83221983677,4407943.639182193,0.0
484552.82627773663,4408258.956309583,-2.128327613991022
484569.56855547335,4408225.476619165,-3.64856162398461
484586.31083321,4408191.996928747,-4.560702029980763
484603.05311094667,4408158.517238329,-4.86474883197948
484603.05311094667,4408158.517238329,-4.86474883197948
484619.7953886834,4408125.0375479115,-4.560702029980763
484636.53766642004,4408091.557857494,-3.6485616239846093
484653.2799441567,4408058.078167076,-2.1283276139910208
484670.02222189336,4408024.598476658,0.0
484641.09423871466,4408265.974864799,-2.2199648387780977
484654.02847742935,4408241.692729598,-3.805654009333882
484666.96271614404,4408217.410594396,-4.757067511667353
484679.89695485873,4408193.128459195,-5.07420534577851
484679.89695485873,4408193.128459195,-5.07420534577851
484692.8311935734,4408168.846323994,-4.757067511667352
484705.7654322882,4408144.564188792,-3.8056540093338818
484718.69967100286,4408120.282053591,-2.219964838778099
484731.63390971755,4408095.99991839,0.0
484750.21533717244,4408303.817759729,-2.27604794102868
484755.2406743449,4408276.470519458,-3.9017964703348804
484760.26601151726,4408249.123279188,-4.8772455879186
484765.2913486897,4408221.776038917,-5.202395293779841
484765.2913486897,4408221.776038917,-5.202395293779841
484770.31668586214,4408194.428798646,-4.877245587918601
484775.3420230346,4408167.081558375,-3.9017964703348804
484780.367360207,4408139.734318105,-2.2760479410286805
484785.3926973794,4408112.3870778335,0.0
484833.8207877435,4408378.014629334,-2.81247897989975
484837.9105754869,4408340.027258669,-4.821392536970999
484842.00036323036,4408302.039888003,-6.026740671213748
484846.0901509738,4408264.052517338,-6.428523382627999
484846.0901509738,4408264.052517338,-6.428523382627999
484850.1799387173,4408226.065146672,-6.026740671213749
484854.2697264607,4408188.0777760055,-4.821392536971
484858.35951420414,4408150.09040534,-2.812478979899748
484862.4493019476,4408112.103034674,0.0
484962.1684518619,4408393.575356393,-2.3311302175972326
484967.0809037238,4408352.797712786,-3.9962232301666845
484971.99335558567,4408312.020069178,-4.995279037708356
484976.90580744756,4408271.242425571,-5.328297640222246
484976.90580744756,4408271.242425571,-5.328297640222246
484981.81825930945,4408230.464781964,-4.995279037708356
484986.73071117135,4408189.687138357,-3.996223230166685
484991.64316303324,4408148.909494749,-2.3311302175972326
484996.55561489513,4408108.131851142,0.0
485053.4615435175,4408413.962115398,-2.4004561799392
485056.589087035,4408373.657230795,-4.115067737038629
485059.7166305525,4408333.352346193,-5.143834671298287
485062.84417407,4408293.047461591,-5.486756982718172
485062.84417407,4408293.047461591,-5.486756982718172
485065.9717175875,4408252.742576988,-5.143834671298286
485069.099261105,4408212.437692386,-4.115067737038629
485072.2268046225,4408172.132807784,-2.400456179939201
485075.35434814,4408131.8279231815,0.0
485225.6640884175,4408393.086292382,-2.5561293450252998
485218.23317683506,4408358.834584763,-4.381936020043371
485210.80226525257,4408324.582877145,-5.477420025054214
485203.3713536701,4408290.331169527,-5.842581360057828
485203.3713536701,4408290.331169527,-5.842581360057828
485195.9404420876,4408256.079461908,-5.477420025054214
485188.50953050517,4408221.82775429,-4.381936020043372
485181.0786189227,4408187.576046672,-2.5561293450253006
485173.6477073402,4408153.324339053,0.0
485343.34597545327,4408342.648229685,-2.7613880832048134
485334.53195090656,4408309.758459369,-4.733808142636822
485325.7179263599,4408276.868689054,-5.917260178296028
485316.9039018132,4408243.978918739,-6.311744190182431
485316.9039018132,4408243.978918739,-6.311744190182431
485308.0898772665,4408211.089148424,-5.917260178296028
485299.2758527198,4408178.199378108,-4.733808142636823
485290.46182817314,4408145.309607793,-2.761388083204814
485281.64780362643,4408112.419837478,0.0
485407.1580271333,4408319.008972556,-2.6670084025410152
485400.97305426665,4408279.704945113,-4.572014404356027
485394.7880814,4408240.40091767,-5.7150180054450335
485388.6031085333,4408201.096890226,-6.096019205808036
485388.6031085333,4408201.096890226,-6.096019205808036
485382.41813566664,4408161.792862782,-5.7150180054450335
485376.23316279997,4408122.4888353385,-4.572014404356027
485370.0481899333,4408083.184807895,-2.6670084025410175
485363.8632170666,4408043.880780451,0.0
485563.6727975776,4408408.812081822,-2.6470349374342996
485604.08459515515,4408405.955163646,-4.5377741784587995
485644.49639273266,4408403.098245468,-5.672217723073499
485684.90819031023,4408400.24132729,-6.0503655712784
485684.90819031023,4408400.24132729,-6.0503655712784
485725.3199878878,4408397.384409114,-5.6722177230735
485765.7317854654,4408394.527490936,-4.5377741784587995
485806.14358304295,4408391.67057276,-2.6470349374343
485846.55538062047,4408388.813654582,0.0
485554.644949533,4408492.692654944,-3.5431374170160805
485593.503899066,4408497.216309887,-6.0739498577418525
485632.362848599,4408501.739964832,-7.592437322177315
485671.221798132,4408506.263619776,-8.09859981032247
485671.221798132,4408506.263619776,-8.09859981032247
485710.08074766496,4408510.787274719,-7.592437322177315
485748.939697198,4408515.3109296635,-6.0739498577418525
485787.79864673095,4408519.834584608,-3.543137417016081
485826.6575962639,4408524.358239552,0.0
485530.58341749356,4408521.983618217,-3.9851508651783356
485553.4828349871,4408539.8382364325,-6.831687197448575
485576.38225248066,4408557.692854649,-8.539608996810719
485599.2816699742,4408575.547472866,-9.108916263264767
485599.2816699742,4408575.547472866,-9.108916263264767
485622.18108746776,4408593.402091083,-8.539608996810719
485645.0805049613,4408611.256709299,-6.831687197448576
485667.9799224548,4408629.111327516,-3.9851508651783374
485690.87933994835,4408646.965945733,0.0
485438.13118462934,4408585.09181983,-2.7037516421995655
485457.6653692587,4408608.417639661,-4.635002815199256
485477.19955388806,4408631.743459491,-5.793753518999069
485496.7337385174,4408655.069279321,-6.1800037535990064
485496.7337385174,4408655.069279321,-6.1800037535990064
485516.2679231468,4408678.395099151,-5.793753518999069
485535.8021077761,4408701.720918981,-4.635002815199255
485555.33629240544,4408725.046738812,-2.703751642199565
485574.87047703477,4408748.372558642,0.0
485380.2044260179,4408615.849528911,-2.4217348128485936
485396.82385203574,4408641.011057821,-4.1515453934547315
485413.4432780536,4408666.172586732,-5.189431741818415
485430.0627040714,4408691.334115642,-5.535393857939643
485430.0627040714,4408691.334115642,-5.535393857939643
485446.68213008926,4408716.495644553,-5.189431741818415
485463.3015561071,4408741.657173463,-4.151545393454732
485479.920982125,4408766.818702374,-2.4217348128485927
485496.54040814284,4408791.980231285,0.0
485297.0802263929,4408665.411039188,-2.3416747805684976
485319.66545278585,4408685.485078375,-4.01429962383171
485342.25067917875,4408705.559117562,-5.017874529789636
485364.8359055717,4408725.633156749,-5.35239949844228
485364.8359055717,4408725.633156749,-5.35239949844228
485387.4211319646,4408745.707195937,-5.017874529789637
485410.00635835755,4408765.781235124,-4.014299623831709
485432.59158475045,4408785.855274311,-2.3416747805684963
485455.1768111434,4408805.929313499,0.0
485182.4441498835,4408785.4310916765,-2.774646784734907
485208.02229976706,4408795.995183353,-4.75653734525984
485233.60044965055,4408806.55927503,-5.945671681574801
485259.1785995341,4408817.123366707,-6.342049793679787
485259.1785995341,4408817.123366707,-6.342049793679787
485284.7567494176,4408827.687458384,-5.945671681574801
485310.33489930106,4408838.25155006,-4.75653734525984
485335.9130491846,4408848.815641737,-2.774646784734907
485361.4911990681,4408859.379733413,0.0
485545.4694837857,4409080.558841462,-4.571670422008431
485520.45296757127,4409054.760682925,-7.837149294871597
485495.4364513569,4409028.962524388,-9.796436618589494
485470.41993514256,4409003.16436585,-10.449532393162128
485470.41993514256,4409003.16436585,-10.449532393162128
485445.40341892815,4408977.366207313,-9.796436618589494
485420.3869027138,4408951.568048775,-7.837149294871594
485395.3703864994,4408925.769890238,-4.57167042200843
485370.35387028503,4408899.9717317,0.0
485491.4441973835,4409111.106591951,-2.113137013300266
485504.739394767,4409085.051183903,-3.622520594229027
485518.0345921505,4409058.995775854,-4.528150742786284
485531.329789534,4409032.940367806,-4.830027458972037
485531.329789534,4409032.940367806,-4.830027458972037
485544.6249869175,4409006.884959758,-4.528150742786284
485557.920184301,4408980.82955171,-3.622520594229027
485571.2153816845,4408954.774143661,-2.113137013300266
485584.510579068,4408928.718735613,0.0
485775.7919816828,4408996.502063656,-2.181963324464479
485763.18296336563,4408970.696127313,-3.7405085562248215
485750.57394504844,4408944.890190969,-4.675635695281026
485737.96492673125,4408919.084254625,-4.987344741633095
485737.96492673125,4408919.084254625,-4.987344741633095
485725.3559084141,4408893.278318282,-4.675635695281026
485712.7468900969,4408867.472381938,-3.74050855622482
485700.13787177973,4408841.666445595,-2.1819633244644785
485687.52885346254,4408815.860509251,0.0
485876.7328957076,4408953.773395729,-2.05108433131204
485860.77379141515,4408925.29279146,-3.516144567963497
485844.8146871227,4408896.812187189,-4.395180709954371
485828.8555828302,4408868.331582919,-4.6881927572846624
485828.8555828302,4408868.331582919,-4.6881927572846624
485812.89647853776,4408839.850978649,-4.395180709954372
485796.9373742453,4408811.370374379,-3.5161445679634964
485780.9782699529,4408782.889770108,-2.051084331312039
485765.01916566043,4408754.409165839,0.0
485963.95084742096,4408900.701906014,-2.283886738627067
485957.95769484196,4408870.447812027,-3.9152344090749716
485951.964542263,4408840.193718041,-4.894043011343716
485945.971389684,4408809.939624054,-5.220312545433296
485945.971389684,4408809.939624054,-5.220312545433296
485939.978237105,4408779.685530068,-4.894043011343715
485933.985084526,4408749.431436081,-3.915234409074972
485927.991931947,4408719.177342095,-2.283886738627068
485921.99877936806,4408688.9232481085,0.0
486046.08266134263,4408920.546377367,-1.9572543686140544
486051.0583226853,4408894.572754734,-3.355293203338379
486056.0339840279,4408868.599132102,-4.194116504172974
486061.0096453706,4408842.625509469,-4.473724271117839
486061.0096453706,4408842.625509469,-4.473724271117839
486065.9853067132,4408816.651886837,-4.194116504172974
486070.9609680559,4408790.678264204,-3.355293203338379
486075.9366293985,4408764.704641571,-1.9572543686140547
486080.91229074117,4408738.731018939,0.0
486190.77832504094,4408914.123438151,-2.566026977880846
486192.227650082,4408892.998876302,-4.39890339065288
486193.67697512294,4408871.8743144525,-5.4986292383160995
486195.1263001639,4408850.7497526035,-5.865204520870506
486195.1263001639,4408850.7497526035,-5.865204520870506
486196.5756252049,4408829.625190754,-5.4986292383160995
486198.0249502459,4408808.500628904,-4.398903390652879
486199.4742752869,4408787.376067055,-2.5660269778808447
486200.92360032786,4408766.251505206,0.0
486281.1638731499,4408929.658192869,-1.6850643595228314
486287.51474629977,4408911.2253857395,-2.8886817591819973
486293.8656194497,4408892.792578609,-3.6108521989774967
486300.2164925996,4408874.359771479,-3.8515756789093296
486300.2164925996,4408874.359771479,-3.8515756789093296
486306.5673657495,4408855.926964348,-3.610852198977496
486312.9182388994,4408837.494157218,-2.888681759181997
486319.2691120493,4408819.061350088,-1.6850643595228305
486325.6199851992,4408800.628542958,0.0
486462.02130481025,4409009.040067703,-1.251106506518434
486467.0140096204,4408987.464135406,-2.1447540111744585
486472.00671443064,4408965.888203109,-2.680942513968073
486476.9994192408,4408944.312270811,-2.8596720148992776
486476.9994192408,4408944.312270811,-2.8596720148992776
486481.99212405103,4408922.736338514,-2.680942513968073
486486.98482886126,4408901.160406217,-2.144754011174458
486491.9775336714,4408879.584473919,-1.2511065065184344
486496.97023848165,4408858.008541622,0.0
